gene	baseMean	log2FoldChange	lfcSE	stat	pvalue	padj
ENSG00000160191	76915.25805894409	3.0714879696778614	0.1550062641130378	19.815250611020396	2.199105431155197e-87	5.0359514373454015e-85
ENSG00000154734	22859.051197979843	3.4415382044518936	0.17921720447070452	19.203168661268005	3.4818857216287844e-82	3.986759151264958e-80
ENSG00000154723	7342.144962850488	2.581829904073809	0.16368254529323478	15.773397825947173	4.74281027437703e-56	3.620345176107799e-54
ENSG00000180509	30222.636708208887	2.9432306967915793	0.199786941798321	14.731847188304648	4.0255034466596e-49	2.304600723212621e-47
ENSG00000183145	9990.47900659578	2.890353071792281	0.24856934522091875	11.627954642691149	2.9713189055766717e-31	1.3608640587541155e-29
ENSG00000276289	11794.911129169837	2.859885313985949	0.46544482187312414	6.144413214173702	8.025965710217673e-10	3.063243579399745e-8
ENSG00000277277	724.500128234022	0.9280731896497568	0.2640956080590551	3.5141560909344167	4.4115350126001246e-4	0.014432021684077551
ENSG00000141959	16335.865496685312	2.5928221917633056	0.82425853262428606	3.145641918329	0.001657227701804034	0.04743814296414047
ENSG00000185437	2256.6293232795015	0.515300644407523	0.19074804742766163	2.7014727089300514	0.00690331455332591	0.17565100363462594
ENSG00000160188	1876.2012849721182	-0.537873088129605	0.2190856219998003	-2.45508163986268	0.014085259596340452	0.3109500780565215
ENSG00000154719	1373.4307243857736	-0.5891253434822972	0.24204836035613567	-2.433915861340655	0.014936466631535968	0.3109500780565215
ENSG00000157557	3474.2318871076914	-0.4912072600096693	0.21005606296568197	-2.338457900593522	0.019363507144568127	0.35855270614404794
ENSG00000160207	885.3079152581403	0.6326587254120924	0.2742826209800072	2.3065942827570094	0.021077448572746887	0.35855270614404794
ENSG00000177692	2181.347901055166	0.4592825892170828	0.2004072049178403	2.29174689305892	0.021920252777365375	0.35855270614404794
ENSG00000186930	103.43893661695908	-1.1271080622659362	0.5650244959041233	-1.9947950406334074	0.04606523849353098	0.6611243646396484
ENSG00000205929	1354.6005429846418	0.4727315792259794	0.2371205752455979	1.993633739865666	0.04619209534600163	0.6611243646396484
ENSG00000184012	5523.615063171286	-0.3978602298741874	0.20845935959764544	-1.9085745568925812	0.05631699672361747	0.7586230735122589
ENSG00000183036	968.7223906885118	-0.5302327790933461	0.2815309991689691	-1.8833903927400595	0.05964748136903957	0.7588485129727812
ENSG00000166265	1222.4365266596733	0.5305874882612053	0.30124663383621725	1.761305948897928	0.07818663372358801	0.8722438632871582
ENSG00000187175	207.67993680059047	0.7781180755787153	0.442395956069041	1.7588724872007668	0.07859916920869658	0.8722438632871582
ENSG00000159128	2810.002661186093	0.3460140029308443	0.1976365674889169	1.750759018572047	0.07998742851104944	0.8722438632871582
ENSG00000244624	102.05638745823565	0.9859773100480282	0.5755859374433714	1.7129975663191614	0.08671298732077128	0.8895434843126685
ENSG00000274391	3083.201795760063	0.2879198848124432	0.17286881886952313	1.665539723677742	0.0958051253182622	0.8895434843126685
ENSG00000154721	3847.5928865947453	-0.3247710396804335	0.1964488951624192	-1.6532087870075354	0.09828837877485323	0.8895434843126685
ENSG00000197683	369.3125133798746	-0.6845886682648504	0.42199765589627225	-1.6222570402929526	0.10474832294638395	0.8895434843126685
ENSG00000184221	1250.408587548442	-0.46104230756891557	0.2849365648594419	-1.6180524524690116	0.1056512941744415	0.8895434843126685
ENSG00000154727	3764.7273596539417	0.27371169660191863	0.1699680376167481	1.6103715759729873	0.10731676198065872	0.8895434843126685
ENSG00000142173	5506.649407765214	-0.31364621036721463	0.19556828576654037	-1.6037682650735599	0.10876514218670182	0.8895434843126685
ENSG00000212938	216.10483788798155	-0.7138550334470378	0.450558134876209	-1.5843794134205784	0.11310740382320399	0.8931584646728866
ENSG00000156239	3663.990492395882	-0.36572209050178744	0.23847574238495764	-1.5335819351866127	0.12513253530319424	0.9551783528143827
ENSG00000160182	178.72835476803726	-0.6958781444161305	0.47519664147040014	-1.4644003843606217	0.14308458316868472	0.9591381118579169
ENSG00000186925	146.3754720381235	0.677269925003241	0.4725777662763601	1.4331396297793206	0.15181793803062676	0.9591381118579169
ENSG00000154654	5151.500426125189	0.32614513163133463	0.22889316199469295	1.424879313952142	0.15419209021123773	0.9591381118579169
ENSG00000166351	1223.6606052515967	0.3471248708342604	0.24968867555316782	1.390230734594709	0.16445882335405365	0.9591381118579169
ENSG00000159200	9649.600405021936	-0.23519394461499818	0.17593276188611248	-1.3368399500671033	0.18127488563962027	0.9591381118579169
ENSG00000182591	328.54161623842515	-0.5011710779471698	0.37724434842196164	-1.3285051984041694	0.18401126739289606	0.9591381118579169
ENSG00000159263	4523.7321903244065	-0.25407598406197435	0.19165243503769075	-1.3257122666456456	0.18493502271476417	0.9591381118579169
ENSG00000154640	1589.0167722105339	-0.24507482358132826	0.18794449849360048	-1.3039744474865438	0.1922422948224119	0.9591381118579169
ENSG00000160181	720.2936967486506	0.33823231632767076	0.26274644912661843	1.2872954799274012	0.19799131842542927	0.9591381118579169
ENSG00000232263	142.4417972097717	-0.671901519107731	0.5255133818388402	-1.2785621495625088	0.20105128597243757	0.9591381118579169
ENSG00000206104	85.52405752724324	0.789491577298371	0.6247028960639324	1.2637872855604213	0.20630638593494754	0.9591381118579169
ENSG00000183527	1893.4205902562744	0.2403416422479297	0.1910436952374779	1.2580454013369649	0.2083753372411149	0.9591381118579169
ENSG00000157617	9316.012429407945	-0.2484471416244134	0.19782344861495613	-1.2559033995408264	0.20915099588080577	0.9591381118579169
ENSG00000186980	69.94780732991225	-0.8735192842603435	0.6987895373768994	-1.250046312283582	0.21128263003091857	0.9591381118579169
ENSG00000160179	8719.035459672596	0.20521365415341625	0.1643209393306696	1.2488588185371592	0.21171671621422977	0.9591381118579169
ENSG00000183255	3872.352601895652	-0.21572603968896265	0.17288979920603495	-1.2477661532354445	0.2121167071416334	0.9591381118579169
ENSG00000221859	311.02394969120763	0.5520959965501822	0.4452646464552383	1.2399277619398499	0.21500211436671948	0.9591381118579169
ENSG00000157538	7108.513103750804	0.21655861869390594	0.1756956754545522	1.2325779683172902	0.21773326090247264	0.9591381118579169
ENSG00000183570	7225.367547161916	-0.19094495603977066	0.15785991107755662	-1.2095848447929212	0.22643823638667904	0.9591381118579169
ENSG00000186967	111.33558941548822	-0.6701780608917401	0.55719806415605	-1.2027645176887203	0.22906745916594057	0.9591381118579169
ENSG00000142197	3518.841164438866	-0.2291546780298898	0.19088107175232058	-1.200510223073514	0.22994124469040136	0.9591381118579169
ENSG00000159197	257.1716563473589	0.5176633033535577	0.43154656674677017	1.1995537521152857	0.23031269708209562	0.9591381118579169
ENSG00000154736	3218.8775539912804	0.684347476744275	0.5711478703529287	1.1981966707175096	0.23084046119936893	0.9591381118579169
ENSG00000275895	7277.67504540043	0.21518862708598674	0.17978875555074994	1.196897027440875	0.23134669294170226	0.9591381118579169
ENSG00000241837	2874.4507043926906	0.24824200990202344	0.2075901009871676	1.1958277813900615	0.23176377217857672	0.9591381118579169
ENSG00000198743	3927.2057417642536	0.32612553857188337	0.27669655141165117	1.1786396935851036	0.2385416787496699	0.9591381118579169
ENSG00000272804	536.6449524730943	0.42706952315658914	0.3705840393255155	1.1524228726468644	0.24914734649997086	0.9591381118579169
ENSG00000183640	166.86564948404038	-0.6049954299448058	0.5288734073495801	-1.1439324071457988	0.25265166997668353	0.9591381118579169
ENSG00000156304	5366.363466922205	-0.185204249829117	0.1654288862276187	-1.119539967006057	0.2629098502651624	0.9591381118579169
ENSG00000160193	3250.299633573378	-0.20433286119485464	0.18365616653455566	-1.1125837212572363	0.265887255061789	0.9591381118579169
ENSG00000160209	13934.847930415224	-0.1644988934321416	0.14806363101900255	-1.1110013465158757	0.2665677697125659	0.9591381118579169
ENSG00000231068	88.3878042051664	-0.6968630826353577	0.630050767842637	-1.1060427479859969	0.2687080171846506	0.9591381118579169
ENSG00000160199	5548.249302501543	-0.18739765484976734	0.17207380413900472	-1.0890539427976131	0.2761300985954911	0.9591381118579169
ENSG00000160183	6170.77965202122	0.19670179138253094	0.18246042962640452	1.0780517824346145	0.2810106478831462	0.9591381118579169
ENSG00000159082	14600.314404350942	0.16940283208463044	0.1583708921809919	1.0696588858704594	0.2847728789810031	0.9591381118579169
ENSG00000159079	3242.6923236970138	-0.21057654150747013	0.19953583785674975	-1.0553319331971167	0.2912735413045558	0.9591381118579169
ENSG00000244362	120.83545909546248	0.5652701316084113	0.5373210805019201	1.0520155492138585	0.2927924157271724	0.9591381118579169
ENSG00000156273	5823.978635454119	0.21325164648875672	0.20495223833243184	1.0404943523615646	0.2981102865559589	0.9591381118579169
ENSG00000249209	326.6383994740081	-0.40653378567353105	0.393343685343863	-1.033533270829395	0.30135440884225995	0.9591381118579169
ENSG00000274749	204.4450895576309	0.44185661817634636	0.43250826088074823	1.021614286109961	0.30696349340477075	0.9591381118579169
ENSG00000187766	306.1964077341328	0.4904356409961048	0.48041992854524895	1.0208478288591905	0.30732653998157455	0.9591381118579169
ENSG00000215455	429.5186427479684	0.43210348279943134	0.4428534584275577	0.9757256595301381	0.3292004329969177	0.9591381118579169
ENSG00000198390	213.1786052217741	0.4404498316546268	0.4546626588814388	0.9687398405187301	0.33267500919644233	0.9591381118579169
ENSG00000160298	6777.876103010102	-0.19441673041743715	0.2010925230931613	-0.9668023824404878	0.33364283324166116	0.9591381118579169
ENSG00000221837	684.297164653553	0.2937335094019762	0.3068513529656617	0.9572501687318502	0.3384410004634821	0.9591381118579169
ENSG00000159110	5272.959797533637	0.1597062459896304	0.17078981176070862	0.9351040576904712	0.3497346756285346	0.9591381118579169
ENSG00000159147	6310.0491989992515	-0.15359416845221294	0.16558357456651665	-0.927593022763937	0.3536187183384127	0.9591381118579169
ENSG00000222018	245.74532159909901	-0.38004185184223077	0.4103303113097592	-0.9261851765938305	0.35434975470728586	0.9591381118579169
ENSG00000156282	393.0173468331867	0.3394353423576427	0.38574448184489246	0.879948666366482	0.3788871190452578	0.9591381118579169
ENSG00000154639	3235.3609414763705	-0.15834168025044618	0.18011659522112258	-0.8791065590378048	0.37934350174199255	0.9591381118579169
ENSG00000160233	1936.6449521972113	-0.27617103332741927	0.31436932121871664	-0.8784923167972818	0.37967660542323894	0.9591381118579169
ENSG00000188694	709.7512711764695	-0.36057055247187425	0.41213612094301505	-0.8748821909781825	0.38163801007532727	0.9591381118579169
ENSG00000160213	3871.841346758104	0.1829149398694618	0.20949023864158464	0.8731430211524541	0.38258512720121995	0.9591381118579169
ENSG00000160307	954.3538418698568	0.22415104018233176	0.256806509736732	0.8728401799943569	0.38275019559841467	0.9591381118579169
ENSG00000157578	7966.087124635172	0.1253072898855564	0.14558245617051985	0.8607307032846371	0.38938637875362503	0.9591381118579169
ENSG00000160310	9500.598384534715	-0.1470946924164546	0.17190795771040157	-0.8556595888612223	0.39218609903160223	0.9591381118579169
ENSG00000189169	484.3293786965804	-0.2997953565171631	0.3546504202550692	-0.8453263816846639	0.39792863526076666	0.9591381118579169
ENSG00000183421	2100.44736817182	-0.2394416254682354	0.2849676765654467	-0.8402413507176992	0.400773077878651	0.9591381118579169
ENSG00000154646	1982.781783188382	0.17057137692019542	0.20901313641674993	0.8160796964459414	0.41445455552608745	0.9591381118579169
ENSG00000185808	5695.524698038835	0.13300645279160336	0.16560369863207866	0.8031611243605342	0.42188161205368935	0.9591381118579169
ENSG00000160294	10334.947749615363	0.13101624939733075	0.16479534859421202	0.795023952526366	0.4265995691473851	0.9591381118579169
ENSG00000184900	2709.2220510447055	-0.1744795759243287	0.22013375146025452	-0.7926071071197424	0.42800676666231274	0.9591381118579169
ENSG00000142188	3698.1613586429194	0.14104204230007114	0.17796290267149753	0.7925361981784554	0.4280480938372264	0.9591381118579169
ENSG00000175894	4292.443559205187	0.16445269568105986	0.2096977984246043	0.7842366344164932	0.4329012727932758	0.9591381118579169
ENSG00000160201	6880.174092338865	-0.1492444984798286	0.19225826188112285	-0.7762709233900672	0.43758903741132044	0.9591381118579169
ENSG00000173638	6804.129325655195	0.12054841311983851	0.15579354762568887	0.7737702552962548	0.439066665294111	0.9591381118579169
ENSG00000205758	7743.710884478421	-0.11991767538338693	0.15667218450806772	-0.7654050127654399	0.4440304089373593	0.9591381118579169
ENSG00000278961	1568.0822708753394	-0.19588651950211475	0.2575448931278	-0.7605917443096459	0.446900952329761	0.9591381118579169
ENSG00000241945	3578.9312079047977	0.13710767877573324	0.18153059073323569	0.7552869090654635	0.45007685167891487	0.9591381118579169
ENSG00000160221	5569.921768920622	-0.13320284385711909	0.17653953559394694	-0.7545213224277126	0.4505362469109617	0.9591381118579169
ENSG00000154645	5265.602837351941	-0.1212957458008967	0.16084886172104307	-0.7540976324175515	0.4507905989607079	0.9591381118579169
ENSG00000157601	8439.42516129497	0.12005776755479723	0.16372672020879628	0.7332814546195685	0.46338678373953474	0.9591381118579169
ENSG00000276076	1017.9703127114001	0.18185404318596443	0.25110164171921134	0.724224827607135	0.4689277185824766	0.9591381118579169
ENSG00000141956	21321.8114686209	0.10382812074365642	0.14620574769291414	0.7101507456583286	0.47761066069921226	0.9591381118579169
ENSG00000183778	8424.356260138826	-0.13905504518101905	0.19633218898540125	-0.7082641206193592	0.47878125377315744	0.9591381118579169
ENSG00000170262	1249.9021934000173	0.17615259687833748	0.2546423212952311	0.6917648094878422	0.48908503943339454	0.9591381118579169
ENSG00000142166	2806.150331754198	-0.12687535302159816	0.1837125421823001	-0.6906188957730403	0.489805069616532	0.9591381118579169
ENSG00000186971	246.6644058749697	0.2638011532471394	0.3860965768482029	0.6832517278464632	0.49444779125176685	0.9591381118579169
ENSG00000159259	1949.3557677365307	-0.16432503135148177	0.24105461984876356	-0.6816921055260358	0.4954336603676896	0.9591381118579169
ENSG00000188155	513.8571518420808	-0.26245878917276066	0.3889415243160444	-0.6748026959432931	0.49980112733890625	0.9591381118579169
ENSG00000160216	12614.31447900649	0.10171563426127635	0.15353272601616544	0.6625013239885204	0.5076499865922319	0.9591381118579169
ENSG00000155313	7624.920243098644	-0.10646901819845649	0.16210873875106072	-0.6567753164865077	0.5113253978590332	0.9591381118579169
ENSG00000212935	353.5521321901846	0.265579637161638	0.40948381291400626	0.6485717598253661	0.516615213863213	0.9591381118579169
ENSG00000186977	156.27673097129207	0.32647704057105076	0.5072097611005364	0.6436726293726398	0.5197877421929772	0.9591381118579169
ENSG00000186866	7824.963315075686	-0.12510894208475837	0.1946240215534422	-0.6428237433702625	0.5203384748082295	0.9591381118579169
ENSG00000212933	116.18495054608732	-0.3583979080178483	0.5628401327719542	-0.6367667960220958	0.52427675719627	0.9591381118579169
ENSG00000205927	1801.1620081142241	-0.1556313697687732	0.24512965467530565	-0.6348940929848725	0.5254974898872464	0.9591381118579169
ENSG00000184787	5731.943917826564	-0.10567345556741893	0.1670979223292	-0.6324043656224008	0.5271226819989441	0.9591381118579169
ENSG00000159212	2243.6638837266464	-0.14211094005165895	0.2262863664918755	-0.6280137078287535	0.5299949601711307	0.9591381118579169
ENSG00000156284	722.6190979665196	-0.18328004856859537	0.2933705229388651	-0.6247391412489957	0.5321422793735264	0.9591381118579169
ENSG00000206107	218.69596370262505	-0.285567141027255	0.4576770730959666	-0.6239489758478173	0.5326610947922026	0.9591381118579169
ENSG00000206102	96.36415942249326	-0.34668964855154033	0.5568215690767366	-0.6226225200406387	0.5335326087654527	0.9591381118579169
ENSG00000198862	10175.283438577897	0.10357804631301336	0.16720729974147075	0.6194588781300912	0.5356141039694198	0.9591381118579169
ENSG00000142185	10185.678546824618	0.11077425567569757	0.18129277127418075	0.6110241180447649	0.5411836136832178	0.9591381118579169
ENSG00000205439	165.4978320615743	0.31527077884798854	0.5162850178300387	0.6106525813456316	0.5414296045835334	0.9591381118579169
ENSG00000160223	6070.863878308066	-0.11280673137541722	0.18804194129322355	-0.5999019718665414	0.5485715681930442	0.9591381118579169
ENSG00000187026	143.17198947182354	-0.33118218441671493	0.564858586714347	-0.5863099051802078	0.5576672758939348	0.9591381118579169
ENSG00000276612	475.50775519856273	-0.21874697481690816	0.37396979391362184	-0.5849322014158008	0.5585933053459671	0.9591381118579169
ENSG00000166979	5424.454201078184	-0.0908232163725677	0.1572955734599128	-0.5774047824410916	0.5636660442690943	0.9591381118579169
ENSG00000182816	247.16569420086722	0.23350724631568806	0.40504764251006814	0.576493285749426	0.5642818068661448	0.9591381118579169
ENSG00000280071	3225.26416420358	-0.1104984315224972	0.20011035892517728	-0.5521874635376242	0.5808199225955615	0.9591381118579169
ENSG00000160208	2687.5147212815054	0.13854347793397123	0.25118892663642867	0.5515508975222436	0.5812560860062351	0.9591381118579169
ENSG00000273590	3048.832115173391	-0.10609808874805142	0.19415417992915893	-0.5464630675824926	0.5847476681231071	0.9591381118579169
ENSG00000183844	2345.7059203558724	-0.11557517587308097	0.2146160976848871	-0.5385205355973611	0.5902177316456663	0.9591381118579169
ENSG00000159267	7232.727365321785	-0.08417136029091198	0.15806439782488796	-0.5325130861167195	0.5943706808218652	0.9591381118579169
ENSG00000160285	8271.875837628768	-0.11135774708701203	0.21813887516260405	-0.5104901499285914	0.6097081136464999	0.9591381118579169
ENSG00000160299	8675.092330379199	-0.08892420813240424	0.17438040233096316	-0.5099438179046727	0.6100908226223464	0.9591381118579169
ENSG00000187005	185.97352168887613	0.26899645037738396	0.5345780362373327	0.5031939813141885	0.6148278959656748	0.9591381118579169
ENSG00000142182	1644.591500539646	-0.1200214590451649	0.23880851283873783	-0.5025845084769351	0.6152564231693227	0.9591381118579169
ENSG00000160282	4789.492383034749	-0.07635213751219387	0.15609101387505647	-0.48915139710291183	0.6247345160322538	0.9591381118579169
ENSG00000206105	63.41515357053284	0.3360336778927499	0.6899822104677342	0.4870178865408066	0.6262456554813662	0.9591381118579169
ENSG00000182670	29246.569441288637	0.09246950191730567	0.19503350210096132	0.4741211172500906	0.6354135406252704	0.9591381118579169
ENSG00000160284	1127.1472983348333	-0.1381593273352934	0.29850625908756473	-0.46283561275264695	0.6434822023119067	0.9591381118579169
ENSG00000157542	8536.22125339601	-0.08550862426984865	0.18545762739445298	-0.46106825300842924	0.6447496377437505	0.9591381118579169
ENSG00000215454	1270.9502470674736	0.14227322571423923	0.31178409752394226	0.45631969957452334	0.6481601000472936	0.9591381118579169
ENSG00000160202	1534.3709268498376	-0.10731880490120538	0.23779009242720292	-0.4513173942857185	0.6517608100415027	0.9591381118579169
ENSG00000160255	11488.629098942192	-0.07396079790139713	0.16457830137136054	-0.44939580300144955	0.6531461583972443	0.9591381118579169
ENSG00000285815	1041.2660193739337	-0.14472728182315292	0.3228449483270382	-0.44828727404012486	0.6539458837809926	0.9591381118579169
ENSG00000160214	3844.9925250368265	-0.08796647813247138	0.19920964983459957	-0.4415773944962429	0.6587950450261024	0.9591381118579169
ENSG00000142192	11354.656663715563	-0.06486032931976021	0.1475231284735044	-0.43966210580606907	0.6601818520579756	0.9591381118579169
ENSG00000154642	3261.7974084445973	0.07693249081791928	0.17682719683929857	0.4350715964119247	0.6635104595736895	0.9591381118579169
ENSG00000240432	136.49898129497694	0.20601118898547463	0.47424405085084864	0.43439910024357026	0.6639986510187511	0.9591381118579169
ENSG00000157551	11706.266995189004	0.07142150772152686	0.16686448124249428	0.42802103353399823	0.6686358069594734	0.9591381118579169
ENSG00000185272	2480.0542570656185	-0.08663937774967022	0.20364238280349004	-0.42544865443494206	0.6705096441434353	0.9591381118579169
ENSG00000159231	409.2003082183981	-0.17694957134451417	0.43181675505675937	-0.40977930863580164	0.6819678459586773	0.9591381118579169
ENSG00000142168	1443.0661898335388	0.096691014741247	0.23779856943430927	0.40660890000836375	0.684295259467806	0.9591381118579169
ENSG00000205726	26236.36545640627	0.06881407841131537	0.17054047479579723	0.40350584512979915	0.6865761356176461	0.9591381118579169
ENSG00000184351	239.7413642847311	-0.17576803445665723	0.4419921653445466	-0.3976722852533836	0.6908717693032141	0.9591381118579169
ENSG00000142149	2826.5644594656997	0.09053842080576313	0.23229168290360547	0.38976178429657354	0.6967127049898414	0.9591381118579169
ENSG00000159261	3011.611064847484	0.07062967296473326	0.18329908437002512	0.38532474511522063	0.6999968303445033	0.9591381118579169
ENSG00000280433	2174.5054011850516	0.09177664617346383	0.23855201052465402	0.3847238427025491	0.7004420284337614	0.9591381118579169
ENSG00000243927	2952.0074710768604	-0.07127915955085631	0.1874518794464352	-0.38025310688455644	0.7037575409845604	0.9591381118579169
ENSG00000243646	3381.086950157479	0.071137600094056	0.18942596302345013	0.3755430298921033	0.7072566509285427	0.9591381118579169
ENSG00000275993	1733.8364211724354	-0.08046062086291308	0.21946929602946044	-0.36661447554883697	0.7139066090484333	0.9591381118579169
ENSG00000197381	17348.863680830225	-0.08680012118026185	0.24137914356646298	-0.35960075049467444	0.7191457222620838	0.9591381118579169
ENSG00000183486	6642.016325256458	-0.05742468800131709	0.165046760558341	-0.3479298097524217	0.7278928973447863	0.9591381118579169
ENSG00000177398	10822.101197413745	-0.04980216131006833	0.14488426717685118	-0.3437375381087992	0.7310436781066397	0.9591381118579169
ENSG00000159256	5423.958729325566	0.06403318075685621	0.1874754957848053	0.34155493489323546	0.7326858563380281	0.9591381118579169
ENSG00000156299	7076.906763369469	-0.047750063212758105	0.15044634188760633	-0.31738932707603257	0.7509482046622354	0.9591381118579169
ENSG00000173276	9009.801577262197	-0.04946130345301256	0.15747405704311826	-0.3140917582346245	0.7534513489996255	0.9591381118579169
ENSG00000186965	119.2230000369236	-0.1620537020733707	0.5197098820002322	-0.31181570273335363	0.755180589569783	0.9591381118579169
ENSG00000160200	8371.228424710665	0.04653376953664091	0.15259082759693487	0.30495784228629247	0.7603982608022459	0.9591381118579169
ENSG00000277117	2724.9796431868604	0.07090918631751782	0.2411970994118445	0.2939885533052794	0.7687666502191434	0.9591381118579169
ENSG00000188992	1693.333151179017	0.07356566096554658	0.2560859638091357	0.2872693991943114	0.7739060515211275	0.9591381118579169
ENSG00000160190	4074.84204422488	0.04588240417975653	0.16094958923435732	0.28507313624110936	0.7755881106653613	0.9591381118579169
ENSG00000160305	12057.329677419537	0.05326177238139255	0.1880614823894837	0.28321467907545816	0.7770122765491311	0.9591381118579169
ENSG00000142178	2463.80212104435	-0.06228563239775978	0.22128368042755317	-0.2814741343664143	0.7783467642380706	0.9591381118579169
ENSG00000156256	5930.267803282524	-0.05368920665161262	0.19495531827497886	-0.2753923674751234	0.7830148073450066	0.9591381118579169
ENSG00000159086	6888.356397392335	-0.04569972581835835	0.16957229291141113	-0.269499958004537	0.7875449745276197	0.9591381118579169
ENSG00000142156	3763.5392571904213	-0.04464107420383258	0.17841748156758538	-0.25020571869759484	0.8024282630033905	0.9591381118579169
ENSG00000157540	23810.74379490158	-0.036567770875707714	0.14697817689502046	-0.24879728166601453	0.8035175939222652	0.9591381118579169
ENSG00000265590	717.4874880000245	-0.06755407603861165	0.2724631838257783	-0.24793836396556201	0.8041820962888826	0.9591381118579169
ENSG00000155307	5828.6098717354835	0.049468168855917344	0.19976541274418946	0.24763130001520353	0.8044196909258235	0.9591381118579169
ENSG00000156253	3143.6433283834504	0.04815434325882461	0.19616114966587894	0.24548359010357476	0.8060820127212175	0.9591381118579169
ENSG00000159228	1676.4020638727545	-0.05006795620628266	0.20729756758969692	-0.24152698359385444	0.8091467055252075	0.9591381118579169
ENSG00000241123	333.29154806138695	0.0831982935061393	0.3500770859905129	0.23765706707349016	0.8121470851603447	0.9591381118579169
ENSG00000159140	18732.964321320054	0.03886748941039204	0.16551517264159157	0.23482735020647405	0.8143427388296598	0.9591381118579169
ENSG00000242220	1685.434103473025	-0.05142228300920143	0.22194626021071498	-0.2316879904188577	0.8167803598657944	0.9591381118579169
ENSG00000156265	7733.687346398158	0.04245060529223666	0.1846157888590593	0.22994027517681387	0.8181381796368412	0.9591381118579169
ENSG00000182093	9965.5032491722	0.03548818856316955	0.1559942753299721	0.22749673658281352	0.8200375065482927	0.9591381118579169
ENSG00000206106	112.502846711246	-0.133152450501233	0.6059715823398564	-0.2197338198386918	0.8260784638817193	0.9591381118579169
ENSG00000171587	6203.647043852118	0.047385072161198284	0.2231560478621156	0.21234052410928486	0.8318413825137803	0.9591381118579169
ENSG00000279493	149.98964323699957	-0.11553261009681251	0.5449460074382623	-0.21200744389323994	0.8321012269405091	0.9591381118579169
ENSG00000185917	9443.14415689102	-0.030890035542713763	0.1471488674786646	-0.2099237056458662	0.833727220016092	0.9591381118579169
ENSG00000274559	341.8519066457425	0.07853135365510693	0.375739690672279	0.2090046795817537	0.8344445855156876	0.9591381118579169
ENSG00000221864	213.9251500518809	0.08317163295909435	0.40465492653967894	0.20553718119860542	0.8371524517450751	0.9591381118579169
ENSG00000159216	12541.757781346345	0.03794636590420317	0.18645177899406953	0.2035183901646234	0.8387298731810124	0.9591381118579169
ENSG00000182871	8750.983721733255	-0.02979899688674703	0.16113820917939564	-0.1849281870420424	0.8532853622199705	0.9591381118579169
ENSG00000156261	4776.3586879672175	-0.029706720512501037	0.16482827902312358	-0.18022829995290743	0.8569733420441176	0.9591381118579169
ENSG00000160194	2729.425446928332	0.04189684093652387	0.23367975992486842	0.1792916979630343	0.8577086652987072	0.9591381118579169
ENSG00000159131	8715.36425449085	-0.027975376805984855	0.15652125079820933	-0.178732131664673	0.8581480379945436	0.9591381118579169
ENSG00000184032	143.51049739656716	0.1014966272355831	0.5781784493392869	0.1755455039038005	0.8606510189069394	0.9591381118579169
ENSG00000160218	8653.129257329148	-0.03122206807591034	0.17986851941570442	-0.1735827268570062	0.8621934078984298	0.9591381118579169
ENSG00000244025	141.18706506618202	0.08664386880081845	0.5070866425935877	0.17086600498420246	0.8643291276125358	0.9591381118579169
ENSG00000142207	4402.730845935597	-0.040701721241070785	0.2431778126497464	-0.1673743208624639	0.8670755291290141	0.9591381118579169
ENSG00000184724	144.96115741681038	0.08738052626033095	0.5315622008837321	0.16438438646513842	0.8694285541694292	0.9591381118579169
ENSG00000160226	4290.888026449395	-0.02779899357349254	0.169514307989507	-0.16399201874577635	0.8697374268694161	0.9591381118579169
ENSG00000160224	4371.801366616154	0.03317350209083705	0.21402667518871038	0.15499704446460935	0.8768236473239706	0.9591381118579169
ENSG00000180530	7770.300842714843	0.026931056416255903	0.17420599191891264	0.15459316938301096	0.8771420553001086	0.9591381118579169
ENSG00000205445	662.8346221334999	-0.0420103462505487	0.2850169964559079	-0.14739593348092733	0.8828195150795326	0.9591381118579169
ENSG00000185658	17049.66049099386	0.02191282607168576	0.14986154435853838	0.14622047414151898	0.883747343240264	0.9591381118579169
ENSG00000274276	5789.108447049041	-0.025346108377878908	0.18130872017665917	-0.13979530798729806	0.8888217205762938	0.9600737508503235
ENSG00000182362	2224.4501590463233	0.025853858126469387	0.19949831617383287	0.12959436762334187	0.8968873596526059	0.9600737508503235
ENSG00000160256	1167.9792840118496	-0.03385180575378085	0.2619786621700448	-0.12921588908568576	0.8971868239387303	0.9600737508503235
ENSG00000249624	1568.8025142769875	-0.024209297997554974	0.21710920429582214	-0.11150746959842658	0.9112139426581723	0.9662631577727712
ENSG00000205581	7602.705753506044	-0.017749238232562428	0.15952868209084847	-0.11126048306758143	0.9114097907376357	0.9662631577727712
ENSG00000160180	829.27441326352	-0.025114786825766382	0.24922079363505711	-0.10077323990285843	0.9197304701417894	0.9691358735329861
ENSG00000186924	115.41730933951655	0.05475631219137815	0.584916261061599	0.09361393388516451	0.9254158405849443	0.9691358735329861
ENSG00000186970	176.99879908852535	0.03827902571926874	0.41674622043102016	0.0918521244888043	0.9268155297105849	0.9691358735329861
ENSG00000160185	4447.0140393227175	-0.010906482406911906	0.17696296373284065	-0.0616314407085616	0.950856338462666	0.9862080528996227
ENSG00000243489	605.8166036258232	-0.020493714241329463	0.38039852304216143	-0.053874326528491924	0.9570352914139305	0.9862080528996227
ENSG00000155304	1700.6753487104702	0.014911974561211776	0.28063384693856863	0.053136764235270736	0.9576229391929192	0.9862080528996227
ENSG00000275464	3760.2250894861286	0.009595528415687058	0.19310352177308118	0.04969111038255898	0.9603685405965757	0.9862080528996227
ENSG00000157554	16219.260916887044	-0.004910183613616475	0.1663204809379561	-0.029522423131088476	0.9764479356616318	0.9950636857108861
ENSG00000183067	934.0324980303251	0.006001791303603421	0.2883220582887589	0.020816275172371782	0.9833922148420056	0.9950636857108861
ENSG00000171189	8158.773846538615	-0.0033372649443638457	0.18725524362025905	-0.017822010640896085	0.9857808455954155	0.9950636857108861
ENSG00000159055	574.5029452320522	-0.005358786979133065	0.38549796898261784	-0.013900947372759553	0.9889090059090726	0.9950636857108861
ENSG00000205670	2215.3294740493666	-0.002385048900921843	0.2050246521097221	-0.011632985967196996	0.9907184294414063	0.9950636857108861
ENSG00000182240	7690.209617026261	-1.754037217147115e-4	0.22917018131034075	-7.653863199470133e-4	0.9993893101318899	0.9993893101318899
